{
    "12": {
        "baseSpeed": "100",
        "stepSpeed": "20",
        "forwardDelay": "100",
        "backwardDelay": "150",
        "leftrotateDelay": "180",
        "rightrotateDelay": "180",
        "rotateFacto":"0",
        "resetDela":"50"
    },
    
    "3": {
        "baseSpeed": "100",
        "stepSpeed": "20",
        "forwardDelay": "150",
        "backwardDelay": "200",
        "leftrotateDelay": "180",
        "rightrotateDelay": "180",
        "rotateFacto":"0",
        "resetDela":"50"
    },
    
    "7": {
        "baseSpeed": "100",
        "stepSpeed": "20",
        "forwardDelay": "150",
        "backwardDelay": "200",
        "leftrotateDelay": "180",
        "rightrotateDelay": "180",
        "rotateFacto":"0",
        "resetDela":"50"
    },
    
    "8": {
        "baseSpeed": "100",
        "stepSpeed": "20",
        "forwardDelay": "150",
        "backwardDelay": "200",
        "leftrotateDelay": "180",
        "rightrotateDelay": "180",
        "rotateFacto":"0",
        "resetDela":"50"
    }
}